,sevilla,valencia,osuna,huelva,badajoz,mursia,cordoba
sevilla,0.0,14.142135623730951,22.360679774997898,31.622776601683793,36.05551275463989,53.85164807134504,67.08203932499369
valencia,14.142135623730951,0.0,10.0,20.0,22.360679774997898,41.23105625617661,53.85164807134504
osuna,22.360679774997898,10.0,0.0,10.0,14.142135623730951,31.622776601683793,44.721359549995796
huelva,31.622776601683793,20.0,10.0,0.0,10.0,22.360679774997898,36.05551275463989
badajoz,36.05551275463989,22.360679774997898,14.142135623730951,10.0,0.0,20.0,31.622776601683793
mursia,53.85164807134504,41.23105625617661,31.622776601683793,22.360679774997898,20.0,0.0,14.142135623730951
cordoba,67.08203932499369,53.85164807134504,44.721359549995796,36.05551275463989,31.622776601683793,14.142135623730951,0.0
