,huelva,sevilla,valencia,mursia
huelva,0.0,31.622776601683793,20.0,22.360679774997898
sevilla,31.622776601683793,0.0,14.142135623730951,53.85164807134504
valencia,20.0,14.142135623730951,0.0,41.23105625617661
mursia,22.360679774997898,53.85164807134504,41.23105625617661,0.0
